,accuracy,bigdata,TrueFalse,FalseFalse,FalseTrue,TrueTrue
wsrf2,0.7942,1,897,181,266,828
gbm2,0.795119705,1,816,262,183,911
wsrf ,0.798342541,0,897,181,257,837
gbm,0.781307551,0,790,288,187,907
multinom,0.785451197,0,807,271,195,899
nnet,0.7946593,0,835,243,203,891
xgbDART,0.795119705,0,831,247,198,896
